TIME,ANGLE,ANGULAR_VELOCITY
0.00, 2.093333, 0.000000
0.01, 2.092908, -0.085016
0.02, 2.091633, -0.170074
0.03, 2.089507, -0.255214
0.04, 2.086528, -0.340479
0.05, 2.082696, -0.425908
0.06, 2.078009, -0.511542
0.07, 2.072465, -0.597420
0.08, 2.066060, -0.683579
0.09, 2.058792, -0.770057
0.10, 2.050658, -0.856889
0.11, 2.041653, -0.944109
0.12, 2.031774, -1.031749
0.13, 2.021017, -1.119839
0.14, 2.009376, -1.208407
0.15, 1.996847, -1.297478
0.16, 1.983424, -1.387075
0.17, 1.969103, -1.477217
0.18, 1.953878, -1.567921
0.19, 1.937743, -1.659200
0.20, 1.920692, -1.751062
0.21, 1.902720, -1.843512
0.22, 1.883820, -1.936552
0.23, 1.863987, -2.030176
0.24, 1.843215, -2.124375
0.25, 1.821497, -2.219135
0.26, 1.798830, -2.314434
0.27, 1.775207, -2.410246
0.28, 1.750624, -2.506537
0.29, 1.725075, -2.603268
0.30, 1.698557, -2.700390
0.31, 1.671066, -2.797849
0.32, 1.642599, -2.895582
0.33, 1.613154, -2.993518
0.34, 1.582728, -3.091578
0.35, 1.551322, -3.189673
0.36, 1.518935, -3.287707
0.37, 1.485568, -3.385573
0.38, 1.451224, -3.483155
0.39, 1.415907, -3.580329
0.40, 1.379620, -3.676960
0.41, 1.342370, -3.772905
0.42, 1.304164, -3.868011
0.43, 1.265013, -3.962116
0.44, 1.224926, -4.055051
0.45, 1.183916, -4.146637
0.46, 1.141998, -4.236687
0.47, 1.099188, -4.325008
0.48, 1.055505, -4.411402
0.49, 1.010967, -4.495663
0.50, 0.965599, -4.577581
0.51, 0.919424, -4.656944
0.52, 0.872470, -4.733538
0.53, 0.824764, -4.807146
0.54, 0.776337, -4.877553
0.55, 0.727224, -4.944547
0.56, 0.677458, -5.007917
0.57, 0.627078, -5.067461
0.58, 0.576123, -5.122979
0.59, 0.524633, -5.174284
0.60, 0.472652, -5.221197
0.61, 0.420224, -5.263551
0.62, 0.367396, -5.301191
0.63, 0.314216, -5.333979
0.64, 0.260733, -5.361793
0.65, 0.206997, -5.384525
0.66, 0.153060, -5.402090
0.67, 0.098973, -5.414419
0.68, 0.044789, -5.421464
0.69, -0.009439, -5.423198
0.70, -0.063657, -5.419614
0.71, -0.117813, -5.410725
0.72, -0.171854, -5.396567
0.73, -0.225727, -5.377195
0.74, -0.279381, -5.352683
0.75, -0.332764, -5.323125
0.76, -0.385827, -5.288633
0.77, -0.438521, -5.249336
0.78, -0.490798, -5.205377
0.79, -0.542613, -5.156916
0.80, -0.593922, -5.104123
0.81, -0.644682, -5.047182
0.82, -0.694852, -4.986283
0.83, -0.744395, -4.921628
0.84, -0.793273, -4.853422
0.85, -0.841452, -4.781877
0.86, -0.888900, -4.707205
0.87, -0.935587, -4.629623
0.88, -0.981484, -4.549346
0.89, -1.026565, -4.466588
0.90, -1.070808, -4.381562
0.91, -1.114190, -4.294474
0.92, -1.156691, -4.205529
0.93, -1.198295, -4.114923
0.94, -1.238985, -4.022847
0.95, -1.278747, -3.929484
0.96, -1.317571, -3.835012
0.97, -1.355444, -3.739596
0.98, -1.392360, -3.643395
0.99, -1.428310, -3.546559
1.00, -1.463289, -3.449229
1.01, -1.497294, -3.351534
1.02, -1.530319, -3.253597
1.03, -1.562365, -3.155531
1.04, -1.593430, -3.057437
1.05, -1.623514, -2.959411
1.06, -1.652619, -2.861537
1.07, -1.680745, -2.763891
1.08, -1.707897, -2.666543
1.09, -1.734078, -2.569551
1.10, -1.759290, -2.472968
1.11, -1.783538, -2.376840
1.12, -1.806828, -2.281203
1.13, -1.829164, -2.186089
1.14, -1.850552, -2.091522
1.15, -1.870997, -1.997522
1.16, -1.890504, -1.904100
1.17, -1.909081, -1.811266
1.18, -1.926731, -1.719020
1.19, -1.943463, -1.627362
1.20, -1.959281, -1.536284
1.21, -1.974190, -1.445778
1.22, -1.988198, -1.355827
1.23, -2.001309, -1.266416
1.24, -2.013528, -1.177523
1.25, -2.024861, -1.089124
1.26, -2.035312, -1.001194
1.27, -2.044886, -0.913704
1.28, -2.053588, -0.826623
1.29, -2.061420, -0.739918
1.30, -2.068387, -0.653555
1.31, -2.074492, -0.567498
1.32, -2.079738, -0.481710
1.33, -2.084127, -0.396151
1.34, -2.087662, -0.310784
1.35, -2.090343, -0.225567
1.36, -2.092173, -0.140460
1.37, -2.093153, -0.055421
1.38, -2.093282, 0.029590
1.39, -2.092561, 0.114616
1.40, -2.090989, 0.199698
1.41, -2.088567, 0.284877
1.42, -2.085291, 0.370194
1.43, -2.081162, 0.455690
1.44, -2.076177, 0.541405
1.45, -2.070333, 0.627376
1.46, -2.063628, 0.713642
1.47, -2.056059, 0.800240
1.48, -2.047622, 0.887203
1.49, -2.038314, 0.974566
1.50, -2.028130, 1.062359
1.51, -2.017065, 1.150612
1.52, -2.005116, 1.239352
1.53, -1.992276, 1.328604
1.54, -1.978542, 1.418388
1.55, -1.963907, 1.508724
1.56, -1.948365, 1.599627
1.57, -1.931912, 1.691108
1.58, -1.914541, 1.783175
1.59, -1.896247, 1.875831
1.60, -1.877023, 1.969074
1.61, -1.856863, 2.062900
1.62, -1.835763, 2.157296
1.63, -1.813716, 2.252246
1.64, -1.790716, 2.347727
1.65, -1.766759, 2.443710
1.66, -1.741840, 2.540159
1.67, -1.715955, 2.637032
1.68, -1.689099, 2.734278
1.69, -1.661268, 2.831840
1.70, -1.632461, 2.929652
1.71, -1.602675, 3.027641
1.72, -1.571908, 3.125723
1.73, -1.540160, 3.223809
1.74, -1.507432, 3.321796
1.75, -1.473725, 3.419577
1.76, -1.439041, 3.517032
1.77, -1.403386, 3.614032
1.78, -1.366763, 3.710441
1.79, -1.329179, 3.806112
1.80, -1.290644, 3.900889
1.81, -1.251165, 3.994607
1.82, -1.210755, 4.087092
1.83, -1.169428, 4.178165
1.84, -1.127198, 4.267636
1.85, -1.084081, 4.355309
1.86, -1.040098, 4.440984
1.87, -0.995269, 4.524453
1.88, -0.949617, 4.605506
1.89, -0.903168, 4.683930
1.90, -0.855948, 4.759509
1.91, -0.807988, 4.832027
1.92, -0.759318, 4.901270
1.93, -0.709974, 4.967026
1.94, -0.659990, 5.029087
1.95, -0.609405, 5.087252
1.96, -0.558259, 5.141325
1.97, -0.506593, 5.191121
1.98, -0.454451, 5.236465
1.99, -0.401879, 5.277195
2.00, -0.348923, 5.313161
2.01, -0.295632, 5.344231
2.02, -0.242055, 5.370287
2.03, -0.188243, 5.391230
2.04, -0.134248, 5.406979
2.05, -0.080121, 5.417473
2.06, -0.025916, 5.422671
2.07, 0.028314, 5.422554
2.08, 0.082517, 5.417120
2.09, 0.136639, 5.406393
2.10, 0.190628, 5.390413
2.11, 0.244430, 5.369242
2.12, 0.297995, 5.342962
2.13, 0.351273, 5.311673
2.14, 0.404213, 5.275493
2.15, 0.456767, 5.234556
2.16, 0.508888, 5.189011
2.17, 0.560532, 5.139022
2.18, 0.611655, 5.084764
2.19, 0.662214, 5.026423
2.20, 0.712170, 4.964194
2.21, 0.761485, 4.898280
2.22, 0.810124, 4.828887
2.23, 0.858052, 4.756229
2.24, 0.905238, 4.680520
2.25, 0.951653, 4.601975
2.26, 0.997269, 4.520811
2.27, 1.042061, 4.437239
2.28, 1.086007, 4.351472
2.29, 1.129084, 4.263715
2.30, 1.171275, 4.174169
2.31, 1.212562, 4.083030
2.32, 1.252931, 3.990486
2.33, 1.292368, 3.896718
2.34, 1.330862, 3.801898
2.35, 1.368403, 3.706192
2.36, 1.404983, 3.609753
2.37, 1.440596, 3.512730
2.38, 1.475236, 3.415258
2.39, 1.508900, 3.317466
2.40, 1.541585, 3.219472
2.41, 1.573289, 3.121385
2.42, 1.604013, 3.023304
2.43, 1.633756, 2.925322
2.44, 1.662520, 2.827519
2.45, 1.690307, 2.729970
2.46, 1.717120, 2.632739
2.47, 1.742963, 2.535884
2.48, 1.767839, 2.439455
2.49, 1.791754, 2.343493
2.50, 1.814711, 2.248035
2.51, 1.836716, 2.153109
2.52, 1.857775, 2.058738
2.53, 1.877893, 1.964938
2.54, 1.897076, 1.871720
2.55, 1.915329, 1.779090
2.56, 1.932659, 1.687050
2.57, 1.949072, 1.595594
2.58, 1.964573, 1.504717
2.59, 1.979168, 1.414406
2.60, 1.992863, 1.324645
2.61, 2.005663, 1.235417
2.62, 2.017573, 1.146699
2.63, 2.028599, 1.058466
2.64, 2.038744, 0.970693
2.65, 2.048014, 0.883348
2.66, 2.056412, 0.796402
2.67, 2.063943, 0.709820
2.68, 2.070610, 0.623568
2.69, 2.076415, 0.537609
2.70, 2.081363, 0.451905
2.71, 2.085454, 0.366417
2.72, 2.088692, 0.281107
2.73, 2.091077, 0.195933
2.74, 2.092611, 0.110854
2.75, 2.093294, 0.025830
2.76, 2.093127, -0.059182
2.77, 2.092110, -0.144222
2.78, 2.090243, -0.229333
2.79, 2.087523, -0.314556
2.80, 2.083951, -0.399931
2.81, 2.079524, -0.485499
2.82, 2.074240, -0.571298
2.83, 2.068097, -0.657368
2.84, 2.061092, -0.743745
2.85, 2.053221, -0.830466
2.86, 2.044481, -0.917565
2.87, 2.034868, -1.005074
2.88, 2.024378, -1.093024
2.89, 2.013006, -1.181444
2.90, 2.000748, -1.270359
2.91, 1.987598, -1.359794
2.92, 1.973550, -1.449769
2.93, 1.958600, -1.540301
2.94, 1.942742, -1.631403
2.95, 1.925970, -1.723088
2.96, 1.908279, -1.815359
2.97, 1.889661, -1.908220
2.98, 1.870112, -2.001667
2.99, 1.849626, -2.095693
3.00, 1.828196, -2.190284
3.01, 1.805818, -2.285422
3.02, 1.782486, -2.381081
3.03, 1.758195, -2.477231
3.04, 1.732940, -2.573833
3.05, 1.706717, -2.670841
3.06, 1.679522, -2.768204
3.07, 1.651352, -2.865861
3.08, 1.622204, -2.963744
3.09, 1.592077, -3.061775
3.10, 1.560968, -3.159869
3.11, 1.528879, -3.257932
3.12, 1.495810, -3.355861
3.13, 1.461763, -3.453542
3.14, 1.426741, -3.550854
3.15, 1.390748, -3.647664
3.16, 1.353789, -3.743834
3.17, 1.315873, -3.839211
3.18, 1.277008, -3.933638
3.19, 1.237204, -4.026948
3.20, 1.196474, -4.118962
3.21, 1.154830, -4.209499
3.22, 1.112289, -4.298367
3.23, 1.068869, -4.385368
3.24, 1.024589, -4.470298
3.25, 0.979471, -4.552951
3.26, 0.933538, -4.633113
3.27, 0.886817, -4.710571
3.28, 0.839336, -4.785109
3.29, 0.791126, -4.856511
3.30, 0.742217, -4.924564
3.31, 0.692646, -4.989058
3.32, 0.642449, -5.049785
3.33, 0.591664, -5.106547
3.34, 0.540332, -5.159152
3.35, 0.488495, -5.207418
3.36, 0.436198, -5.251173
3.37, 0.383487, -5.290261
3.38, 0.330409, -5.324538
3.39, 0.277013, -5.353875
3.40, 0.223349, -5.378161
3.41, 0.169467, -5.397304
3.42, 0.115420, -5.411230
3.43, 0.061260, -5.419885
3.44, 0.007040, -5.423234
3.45, -0.047187, -5.421265
3.46, -0.101368, -5.413985
3.47, -0.155449, -5.401424
3.48, -0.209379, -5.383629
3.49, -0.263104, -5.360669
3.50, -0.316575, -5.332634
3.51, -0.369741, -5.299628
3.52, -0.422552, -5.261776
3.53, -0.474960, -5.219218
3.54, -0.526921, -5.172107
3.55, -0.578388, -5.120612
3.56, -0.629319, -5.064911
3.57, -0.679673, -5.005194
3.58, -0.729410, -4.941659
3.59, -0.778494, -4.874509
3.60, -0.826889, -4.803956
3.61, -0.874562, -4.730211
3.62, -0.921483, -4.653491
3.63, -0.967623, -4.574010
3.64, -1.012955, -4.491984
3.65, -1.057455, -4.407624
3.66, -1.101100, -4.321141
3.67, -1.143871, -4.232739
3.68, -1.185749, -4.142617
3.69, -1.226719, -4.050968
3.70, -1.266764, -3.957978
3.71, -1.305874, -3.863824
3.72, -1.344038, -3.768678
3.73, -1.381245, -3.672699
3.74, -1.417489, -3.576041
3.75, -1.452764, -3.478846
3.76, -1.487065, -3.381249
3.77, -1.520388, -3.283374
3.78, -1.552732, -3.185335
3.79, -1.584095, -3.087240
3.80, -1.614477, -2.989183
3.81, -1.643879, -2.891254
3.82, -1.672302, -2.793532
3.83, -1.699750, -2.696087
3.84, -1.726225, -2.598981
3.85, -1.751731, -2.502269
3.86, -1.776272, -2.405998
3.87, -1.799853, -2.310208
3.88, -1.822478, -2.214932
3.89, -1.844153, -2.120197
3.90, -1.864884, -2.026023
3.91, -1.884676, -1.932424
3.92, -1.903534, -1.839411
3.93, -1.921466, -1.746986
3.94, -1.938476, -1.655150
3.95, -1.954571, -1.563897
3.96, -1.969756, -1.473218
3.97, -1.984037, -1.383101
3.98, -1.997420, -1.293528
3.99, -2.009909, -1.204479
4.00, -2.021511, -1.115933
4.01, -2.032230, -1.027864
4.02, -2.042070, -0.940243
4.03, -2.051036, -0.853041
4.04, -2.059132, -0.766225
4.05, -2.066361, -0.679762
4.06, -2.072728, -0.593616
4.07, -2.078235, -0.507750
4.08, -2.082884, -0.422126
4.09, -2.086678, -0.336705
4.10, -2.089619, -0.251446
4.11, -2.091707, -0.166310
4.12, -2.092945, -0.081255
4.13, -2.093332, 0.003760
4.14, -2.092870, 0.088777
4.15, -2.091557, 0.173837
4.16, -2.089393, 0.258983
4.17, -2.086377, 0.344254
4.18, -2.082507, 0.429691
4.19, -2.077782, 0.515335
4.20, -2.072200, 0.601225
4.21, -2.065757, 0.687397
4.22, -2.058451, 0.773890
4.23, -2.050278, 0.860739
4.24, -2.041235, 0.947977
4.25, -2.031317, 1.035636
4.26, -2.020520, 1.123746
4.27, -2.008840, 1.212336
4.28, -1.996272, 1.301430
4.29, -1.982810, 1.391050
4.30, -1.968449, 1.481217
4.31, -1.953184, 1.571946
4.32, -1.937008, 1.663250
4.33, -1.919917, 1.755138
4.34, -1.901904, 1.847615
4.35, -1.882963, 1.940681
4.36, -1.863088, 2.034330
4.37, -1.842274, 2.128555
4.38, -1.820515, 2.223339
4.39, -1.797805, 2.318661
4.40, -1.774140, 2.414495
4.41, -1.749514, 2.510806
4.42, -1.723923, 2.607555
4.43, -1.697362, 2.704694
4.44, -1.669828, 2.802166
4.45, -1.641317, 2.899910
4.46, -1.611829, 2.997853
4.47, -1.581360, 3.095917
4.48, -1.549910, 3.194011
4.49, -1.517480, 3.292040
4.50, -1.484070, 3.389896
4.51, -1.449683, 3.487462
4.52, -1.414322, 3.584615
4.53, -1.377992, 3.681219
4.54, -1.340700, 3.777130
4.55, -1.302453, 3.872195
4.56, -1.263260, 3.966253
4.57, -1.223132, 4.059132
4.58, -1.182081, 4.150653
4.59, -1.140124, 4.240631
4.60, -1.097275, 4.328872
4.61, -1.053553, 4.415175
4.62, -1.008978, 4.499337
4.63, -0.963574, 4.581147
4.64, -0.917364, 4.660392
4.65, -0.870375, 4.736858
4.66, -0.822637, 4.810329
4.67, -0.774179, 4.880590
4.68, -0.725036, 4.947428
4.69, -0.675243, 5.010633
4.70, -0.624836, 5.070003
4.71, -0.573856, 5.125339
4.72, -0.522344, 5.176454
4.73, -0.470342, 5.223168
4.74, -0.417896, 5.265316
4.75, -0.365051, 5.302745
4.76, -0.311857, 5.335316
4.77, -0.258362, 5.362906
4.78, -0.204616, 5.385412
4.79, -0.150671, 5.402747
4.80, -0.096578, 5.414843
4.81, -0.042391, 5.421654
4.82, 0.011837, 5.423152
4.83, 0.066054, 5.419333
4.84, 0.120206, 5.410210
4.85, 0.174241, 5.395820
4.86, 0.228105, 5.376219
4.87, 0.281748, 5.351482
4.88, 0.335118, 5.321703
4.89, 0.388166, 5.286996
4.90, 0.440842, 5.247489
4.91, 0.493100, 5.203328
4.92, 0.544893, 5.154671
4.93, 0.596179, 5.101691
4.94, 0.646913, 5.044570
4.95, 0.697057, 4.983502
4.96, 0.746571, 4.918685
4.97, 0.795419, 4.850327
4.98, 0.843566, 4.778638
4.99, 0.890981, 4.703834
5.00, 0.937633, 4.626128
5.01, 0.983495, 4.545737
5.02, 1.028540, 4.462874
5.03, 1.072745, 4.377752
5.04, 1.116088, 4.290578
5.05, 1.158550, 4.201555
5.06, 1.200114, 4.110880
5.07, 1.240763, 4.018743
5.08, 1.280484, 3.925328
5.09, 1.319266, 3.830810
5.10, 1.357097, 3.735356
5.11, 1.393970, 3.639124
5.12, 1.429878, 3.542264
5.13, 1.464814, 3.444914
5.14, 1.498775, 3.347207
5.15, 1.531757, 3.249262
5.16, 1.563760, 3.151192
5.17, 1.594781, 3.053099
5.18, 1.624822, 2.955078
5.19, 1.653883, 2.857212
5.20, 1.681967, 2.759579
5.21, 1.709076, 2.662245
5.22, 1.735213, 2.565270
5.23, 1.760383, 2.468707
5.24, 1.784589, 2.372599
5.25, 1.807836, 2.276985
5.26, 1.830130, 2.181895
5.27, 1.851476, 2.087353
5.28, 1.871879, 1.993378
5.29, 1.891345, 1.899982
5.30, 1.909881, 1.807173
5.31, 1.927491, 1.714954
5.32, 1.944182, 1.623321
5.33, 1.959959, 1.532269
5.34, 1.974829, 1.441788
5.35, 1.988797, 1.351862
5.36, 2.001868, 1.262474
5.37, 2.014048, 1.173603
5.38, 2.025342, 1.085226
5.39, 2.035754, 0.997316
5.40, 2.045290, 0.909844
5.41, 2.053952, 0.822780
5.42, 2.061746, 0.736091
5.43, 2.068675, 0.649743
5.44, 2.074742, 0.563698
5.45, 2.079950, 0.477921
5.46, 2.084301, 0.392372
5.47, 2.087798, 0.307012
5.48, 2.090442, 0.221801
5.49, 2.092235, 0.136697
5.50, 2.093176, 0.051661
5.51, 2.093268, -0.033350
5.52, 2.092509, -0.118377
5.53, 2.090900, -0.203463
5.54, 2.088440, -0.288647
5.55, 2.085127, -0.373972
5.56, 2.080960, -0.459477
5.57, 2.075936, -0.545202
5.58, 2.070055, -0.631185
5.59, 2.063312, -0.717465
5.60, 2.055704, -0.804078
5.61, 2.047229, -0.891058
5.62, 2.037882, -0.978439
5.63, 2.027659, -1.066252
5.64, 2.016555, -1.154527
5.65, 2.004567, -1.243289
5.66, 1.991688, -1.332564
5.67, 1.977914, -1.422372
5.68, 1.963239, -1.512733
5.69, 1.947657, -1.603661
5.70, 1.931163, -1.695168
5.71, 1.913752, -1.787260
5.72, 1.895416, -1.879942
5.73, 1.876151, -1.973212
5.74, 1.855950, -2.067063
5.75, 1.834808, -2.161484
5.76, 1.812718, -2.256458
5.77, 1.789677, -2.351962
5.78, 1.765678, -2.447966
5.79, 1.740716, -2.544435
5.80, 1.714787, -2.641325
5.81, 1.687888, -2.738587
5.82, 1.660015, -2.836161
5.83, 1.631164, -2.933983
5.84, 1.601334, -3.031978
5.85, 1.570524, -3.130062
5.86, 1.538733, -3.228146
5.87, 1.505962, -3.326126
5.88, 1.472211, -3.423895
5.89, 1.437485, -3.521333
5.90, 1.401786, -3.618310
5.91, 1.365121, -3.714690
5.92, 1.327495, -3.810324
5.93, 1.288917, -3.905057
5.94, 1.249397, -3.998724
5.95, 1.208947, -4.091152
5.96, 1.167579, -4.182158
5.97, 1.125309, -4.271553
5.98, 1.082154, -4.359142
5.99, 1.038133, -4.444724
6.00, 0.993267, -4.528091
6.01, 0.947579, -4.609032
6.02, 0.901095, -4.687334
6.03, 0.853842, -4.762782
6.04, 0.805850, -4.835160
6.05, 0.757150, -4.904254
6.06, 0.707776, -4.969851
6.07, 0.657765, -5.031744
6.08, 0.607154, -5.089731
6.09, 0.555984, -5.143619
6.10, 0.504296, -5.193222
6.11, 0.452135, -5.238365
6.12, 0.399544, -5.278887
6.13, 0.346573, -5.314640
6.14, 0.293268, -5.345490
6.15, 0.239680, -5.371322
6.16, 0.185859, -5.392036
6.17, 0.131856, -5.407554
6.18, 0.077725, -5.417815
6.19, 0.023518, -5.422779
6.20, -0.030713, -5.422426
6.21, -0.084913, -5.416758
6.22, -0.139030, -5.405797
6.23, -0.193012, -5.389585
6.24, -0.246805, -5.368187
6.25, -0.300358, -5.341683
6.26, -0.353622, -5.310175
6.27, -0.406546, -5.273782
6.28, -0.459082, -5.232638
6.29, -0.511183, -5.186893
6.30, -0.562805, -5.136711
6.31, -0.613903, -5.082269
6.32, -0.664436, -5.023752
6.33, -0.714365, -4.961355
6.34, -0.763651, -4.895282
6.35, -0.812259, -4.825741
6.36, -0.860155, -4.752943
6.37, -0.907308, -4.677104
6.38, -0.953688, -4.598439
6.39, -0.999268, -4.517164
6.40, -1.044023, -4.433491
6.41, -1.087930, -4.347631
6.42, -1.130969, -4.259791
6.43, -1.173120, -4.170171
6.44, -1.214367, -4.078965
6.45, -1.254695, -3.986363
6.46, -1.294090, -3.892545
6.47, -1.332542, -3.797683
6.48, -1.370041, -3.701941
6.49, -1.406579, -3.605473
6.50, -1.442149, -3.508427
6.51, -1.476746, -3.410939
6.52, -1.510366, -3.313135
6.53, -1.543008, -3.215135
6.54, -1.574669, -3.117046
6.55, -1.605349, -3.018968
6.56, -1.635049, -2.920991
6.57, -1.663769, -2.823198
6.58, -1.691513, -2.725662
6.59, -1.718284, -2.628447
6.60, -1.744084, -2.531610
6.61, -1.768917, -2.435200
6.62, -1.792789, -2.339260
6.63, -1.815704, -2.243825
6.64, -1.837667, -2.148924
6.65, -1.858684, -2.054577
6.66, -1.878761, -1.960803
6.67, -1.897902, -1.867611
6.68, -1.916115, -1.775007
6.69, -1.933405, -1.682992
6.70, -1.949777, -1.591563
6.71, -1.965238, -1.500711
6.72, -1.979793, -1.410424
6.73, -1.993448, -1.320688
6.74, -2.006209, -1.231482
6.75, -2.018079, -1.142786
6.76, -2.029066, -1.054575
6.77, -2.039172, -0.966821
6.78, -2.048404, -0.879495
6.79, -2.056764, -0.792565
6.80, -2.064256, -0.705999
6.81, -2.070885, -0.619760
6.82, -2.076652, -0.533813
6.83, -2.081562, -0.448119
6.84, -2.085615, -0.362641
6.85, -2.088815, -0.277337
6.86, -2.091163, -0.192168
6.87, -2.092659, -0.107093
6.88, -2.093305, -0.022070
6.89, -2.093100, 0.062942
6.90, -2.092046, 0.147985
6.91, -2.090140, 0.233100
6.92, -2.087383, 0.318329
6.93, -2.083773, 0.403711
6.94, -2.079308, 0.489288
6.95, -2.073987, 0.575099
6.96, -2.067806, 0.661182
6.97, -2.060762, 0.747574
6.98, -2.052853, 0.834310
6.99, -2.044075, 0.921426
7.00, -2.034423, 1.008954
7.01, -2.023894, 1.096925
7.02, -2.012483, 1.185366
7.03, -2.000185, 1.274304
7.04, -1.986995, 1.363762
7.05, -1.972908, 1.453761
7.06, -1.957918, 1.544318
7.07, -1.942020, 1.635446
7.08, -1.925207, 1.727156
7.09, -1.907475, 1.819454
7.10, -1.888816, 1.912341
7.11, -1.869226, 2.005814
7.12, -1.848698, 2.099865
7.13, -1.827227, 2.194481
7.14, -1.804807, 2.289642
7.15, -1.781432, 2.385324
7.16, -1.757098, 2.481494
7.17, -1.731801, 2.578115
7.18, -1.705535, 2.675140
7.19, -1.678297, 2.772518
7.20, -1.650083, 2.870186
7.21, -1.620892, 2.968077
7.22, -1.590721, 3.066113
7.23, -1.559570, 3.164208
7.24, -1.527437, 3.262267
7.25, -1.494325, 3.360187
7.26, -1.460234, 3.457855
7.27, -1.425169, 3.555147
7.28, -1.389133, 3.651933
7.29, -1.352133, 3.748070
7.30, -1.314174, 3.843409
7.31, -1.275268, 3.937790
7.32, -1.235422, 4.031046
7.33, -1.194651, 4.122999
7.34, -1.152967, 4.213467
7.35, -1.110387, 4.302256
7.36, -1.066929, 4.389169
7.37, -1.022611, 4.474004
7.38, -0.977456, 4.556550
7.39, -0.931488, 4.636598
7.40, -0.884733, 4.713931
7.41, -0.837219, 4.788335
7.42, -0.788977, 4.859594
7.43, -0.740039, 4.927494
7.44, -0.690439, 4.991825
7.45, -0.640215, 5.052381
7.46, -0.589405, 5.108963
7.47, -0.538049, 5.161380
7.48, -0.486192, 5.209450
7.49, -0.433875, 5.253002
7.50, -0.381147, 5.291880
7.51, -0.328054, 5.325940
7.52, -0.274645, 5.355056
7.53, -0.220970, 5.379117
7.54, -0.167080, 5.398031
7.55, -0.113026, 5.411725
7.56, -0.058863, 5.420145
7.57, -0.004641, 5.423259
7.58, 0.049585, 5.421055
7.59, 0.103762, 5.413541
7.60, 0.157838, 5.400747
7.61, 0.211760, 5.382722
7.62, 0.265475, 5.359536
7.63, 0.318934, 5.331278
7.64, 0.372084, 5.298055
7.65, 0.424878, 5.259992
7.66, 0.477268, 5.217229
7.67, 0.529208, 5.169921
7.68, 0.580652, 5.118235
7.69, 0.631559, 5.062353
7.70, 0.681886, 5.002463
7.71, 0.731595, 4.938764
7.72, 0.780649, 4.871459
7.73, 0.829013, 4.800760
7.74, 0.876654, 4.726879
7.75, 0.923541, 4.650032
7.76, 0.969645, 4.570434
7.77, 1.014941, 4.488300
7.78, 1.059404, 4.403843
7.79, 1.103011, 4.317270
7.80, 1.145743, 4.228788
7.81, 1.187581, 4.138594
7.82, 1.228509, 4.046882
7.83, 1.268514, 3.953836
7.84, 1.307582, 3.859636
7.85, 1.345703, 3.764449
7.86, 1.382869, 3.668437
7.87, 1.419070, 3.571752
7.88, 1.454302, 3.474537
7.89, 1.488559, 3.376925
7.90, 1.521839, 3.279040
7.91, 1.554140, 3.180997
7.92, 1.585459, 3.082901
7.93, 1.615798, 2.984849
7.94, 1.645157, 2.886927
7.95, 1.673537, 2.789216
7.96, 1.700942, 2.691784
7.97, 1.727374, 2.594694
7.98, 1.752837, 2.498001
7.99, 1.777335, 2.401751
8.00, 1.800874, 2.305983
8.01, 1.823457, 2.210731
8.02, 1.845090, 2.116020
8.03, 1.865779, 2.021871
8.04, 1.885529, 1.928298
8.05, 1.904347, 1.835311
8.06, 1.922238, 1.742912
8.07, 1.939207, 1.651102
8.08, 1.955262, 1.559874
8.09, 1.970407, 1.469221
8.10, 1.984648, 1.379127
8.11, 1.997991, 1.289578
8.12, 2.010441, 1.200552
8.13, 2.022004, 1.112028
8.14, 2.032683, 1.023979
8.15, 2.042485, 0.936377
8.16, 2.051412, 0.849193
8.17, 2.059470, 0.762394
8.18, 2.066661, 0.675945
8.19, 2.072990, 0.589813
8.20, 2.078458, 0.503958
8.21, 2.083070, 0.418344
8.22, 2.086826, 0.332931
8.23, 2.089729, 0.247678
8.24, 2.091780, 0.162547
8.25, 2.092980, 0.077495
8.26, 2.093330, -0.007520
8.27, 2.092830, -0.092538
8.28, 2.091479, -0.177601
8.29, 2.089277, -0.262751
8.30, 2.086224, -0.348029
8.31, 2.082316, -0.433475
8.32, 2.077553, -0.519129
8.33, 2.071933, -0.605030
8.34, 2.065452, -0.691216
8.35, 2.058107, -0.777724
8.36, 2.049896, -0.864589
8.37, 2.040814, -0.951845
8.38, 2.030858, -1.039523
8.39, 2.020022, -1.127654
8.40, 2.008303, -1.216266
8.41, 1.995695, -1.305382
8.42, 1.982194, -1.395027
8.43, 1.967793, -1.485218
8.44, 1.952488, -1.575972
8.45, 1.936272, -1.667302
8.46, 1.919140, -1.759216
8.47, 1.901085, -1.851719
8.48, 1.882103, -1.944810
8.49, 1.862187, -2.038486
8.50, 1.841332, -2.132736
8.51, 1.819531, -2.227544
8.52, 1.796779, -2.322889
8.53, 1.773071, -2.418745
8.54, 1.748402, -2.515077
8.55, 1.722768, -2.611844
8.56, 1.696164, -2.708998
8.57, 1.668587, -2.806484
8.58, 1.640034, -2.904238
8.59, 1.610502, -3.002189
8.60, 1.579990, -3.100255
8.61, 1.548497, -3.198349
8.62, 1.516023, -3.296373
8.63, 1.482570, -3.394218
8.64, 1.448139, -3.491769
8.65, 1.412736, -3.588900
8.66, 1.376363, -3.685477
8.67, 1.339028, -3.781354
8.68, 1.300739, -3.876378
8.69, 1.261504, -3.970387
8.70, 1.221335, -4.063210
8.71, 1.180245, -4.154667
8.72, 1.138247, -4.244572
8.73, 1.095359, -4.332732
8.74, 1.051599, -4.418945
8.75, 1.006987, -4.503007
8.76, 0.961547, -4.584707
8.77, 0.915302, -4.663834
8.78, 0.868279, -4.740172
8.79, 0.820508, -4.813506
8.80, 0.772020, -4.883620
8.81, 0.722847, -4.950302
8.82, 0.673026, -5.013342
8.83, 0.622593, -5.072537
8.84, 0.571589, -5.127690
8.85, 0.520054, -5.178614
8.86, 0.468031, -5.225130
8.87, 0.415566, -5.267073
8.88, 0.362705, -5.304289
8.89, 0.309497, -5.336642
8.90, 0.255989, -5.364010
8.91, 0.202233, -5.386289
8.92, 0.148281, -5.403393
8.93, 0.094183, -5.415256
8.94, 0.039993, -5.421832
8.95, -0.014236, -5.423096
8.96, -0.068451, -5.419041
8.97, -0.122599, -5.409685
8.98, -0.176627, -5.395063
8.99, -0.230483, -5.375233
9.00, -0.284115, -5.350270
9.01, -0.337471, -5.320271
9.02, -0.390504, -5.285349
9.03, -0.443162, -5.245633
9.04, -0.495401, -5.201269
9.05, -0.547173, -5.152418
9.06, -0.598435, -5.099251
9.07, -0.649144, -5.041951
9.08, -0.699261, -4.980713
9.09, -0.748746, -4.915735
9.10, -0.797564, -4.847225
9.11, -0.845679, -4.775394
9.12, -0.893061, -4.700456
9.13, -0.939679, -4.622627
9.14, -0.985505, -4.542122
9.15, -1.030513, -4.459155
9.16, -1.074680, -4.373938
9.17, -1.117985, -4.286678
9.18, -1.160408, -4.197578
9.19, -1.201931, -4.106834
9.20, -1.242540, -4.014637
9.21, -1.282220, -3.921170
9.22, -1.320959, -3.826607
9.23, -1.358749, -3.731115
9.24, -1.395579, -3.634852
9.25, -1.431444, -3.537967
9.26, -1.466337, -3.440599
9.27, -1.500254, -3.342879
9.28, -1.533194, -3.244926
9.29, -1.565153, -3.146853
9.30, -1.596131, -3.048762
9.31, -1.626128, -2.950745
9.32, -1.655146, -2.852889
9.33, -1.683187, -2.755267
9.34, -1.710252, -2.657948
9.35, -1.736347, -2.560990
9.36, -1.761474, -2.464446
9.37, -1.785637, -2.368359
9.38, -1.808842, -2.272768
9.39, -1.831094, -2.177701
9.40, -1.852398, -2.083184
9.41, -1.872760, -1.989234
9.42, -1.892185, -1.895865
9.43, -1.910679, -1.803082
9.44, -1.928249, -1.710888
9.45, -1.944899, -1.619282
9.46, -1.960636, -1.528255
9.47, -1.975466, -1.437799
9.48, -1.989394, -1.347897
9.49, -2.002426, -1.258532
9.50, -2.014566, -1.169684
9.51, -2.025821, -1.081328
9.52, -2.036194, -0.993438
9.53, -2.045691, -0.905985
9.54, -2.054315, -0.818938
9.55, -2.062071, -0.732265
9.56, -2.068962, -0.645931
9.57, -2.074991, -0.559899
9.58, -2.080161, -0.474132
9.59, -2.084474, -0.388593
9.60, -2.087933, -0.303240
9.61, -2.090539, -0.218034
9.62, -2.092294, -0.132935
9.63, -2.093198, -0.047901
9.64, -2.093252, 0.037110
9.65, -2.092456, 0.122139
9.66, -2.090809, 0.207228
9.67, -2.088311, 0.292418
9.68, -2.084961, 0.377749
9.69, -2.080756, 0.463263
9.70, -2.075695, 0.548999
9.71, -2.069775, 0.634995
9.72, -2.062994, 0.721289
9.73, -2.055348, 0.807917
9.74, -2.046834, 0.894914
9.75, -2.037448, 0.982314
9.76, -2.027186, 1.070147
9.77, -2.016044, 1.158442
9.78, -2.004016, 1.247227
9.79, -1.991098, 1.336524
9.80, -1.977284, 1.426357
9.81, -1.962569, 1.516743
9.82, -1.946947, 1.607696
9.83, -1.930413, 1.699229
9.84, -1.912960, 1.791347
9.85, -1.894584, 1.884055
9.86, -1.875277, 1.977351
9.87, -1.855035, 2.071228
9.88, -1.833851, 2.165674
9.89, -1.811720, 2.260672
9.90, -1.788636, 2.356198
9.91, -1.764594, 2.452224
9.92, -1.739590, 2.548712
9.93, -1.713618, 2.645620
9.94, -1.686676, 2.742896
9.95, -1.658759, 2.840483
9.96, -1.629865, 2.938314
9.97, -1.599992, 3.036315
9.98, -1.569139, 3.134401
9.99, -1.537304, 3.232482
10.00, -1.504490, 3.330456
